step,loss
1,0.669605
2,0.682285
3,0.666469
4,0.670832
5,0.668366
6,0.682846
7,0.668480
8,0.678693
9,0.680365
10,0.668273
