step,loss
1,0.670411
2,0.682514
3,0.667625
4,0.671652
5,0.669393
6,0.683018
7,0.669236
8,0.678917
9,0.680722
10,0.669184
